district_id,district_name,city_id
district_b8ae3246e1f79ad08e01,An Dương,city_48a73a8319e933a3c9ff
district_314cca2ca25034206a40,An Lão,city_48a73a8319e933a3c9ff
district_39936186cffc6adbb1e5,Ba Vì,city_77aebfe2d87c66d0c62e
district_93e6563939ed0d0bac50,Ba Đình,city_77aebfe2d87c66d0c62e
district_c644f96e9be11ecb96e0,Biên Hòa,city_5489d284f24ba3e29686
district_ea0d8fca6a8bc046ea6c,Buôn Ma Thuột,city_3987b6e478bdbd6b484b
district_3d879b505d6c78cd153d,Bà Rịa,city_2c120bb6a1300293f7a0
district_84ff20f01e1e6423ecb6,Bàu Bàng,city_f586e0340673c691b9ca
district_f49613c929215cc35d82,Bình Chánh,city_9006ea7a29a6f8a06394
district_7a21ed6e3bd7c32962fb,Bình Long,city_c0cabf473442f4bdab24
district_b824ded9d236a1e3a44c,Bình Lục,city_2d33882a0dec57ce6834
district_face9e76249785a7cb74,Bình Minh,city_8b63f072488e17e6b076
district_bfe3c72e8908d0e7926e,Bình Thạnh,city_9006ea7a29a6f8a06394
district_09f939d72b67e27456a9,Bình Thủy,city_4ffa3dff68be4713d65a
district_57880645c8c1190b74c8,Bình Tân,city_9006ea7a29a6f8a06394
district_1c2ffb85cf1416dd4d13,Bù Đăng,city_c0cabf473442f4bdab24
district_829c4e85a920043736fa,Bảo Lâm,city_2efb3e175e78e17ee3cb
district_7e78e64e8f54beabada1,Bảo Lộc,city_2efb3e175e78e17ee3cb
district_bbc008fb571bf4e4930c,Bắc Giang,city_f8c5548c0395fe53b1a3
district_a6cf433350cc1c4d9555,Bắc Ninh,city_a1c0d70198b479b790ca
district_df7a24dc58df04062ea6,Bắc Tân Uyên,city_f586e0340673c691b9ca
district_493d9a08ee5c6cc277eb,Bắc Từ Liêm,city_77aebfe2d87c66d0c62e
district_6974afb0970c4ffa88a2,Bến Cát,city_f586e0340673c691b9ca
district_ad5cecd00dd930f5292e,Bến Lức,city_9a71cb89fbe7fe5df4fd
district_b036d485e133e2cb3937,Bến Tre,city_841ba57df40f5352d826
district_9318be95e9bda862e5eb,Cam Lâm,city_b1f03cd2d4f3ad19c22c
district_e7e43c6fecd82ad52ffe,Cam Ranh,city_b1f03cd2d4f3ad19c22c
district_e8569dee3cc5872541f8,Cao Phong,city_6a001bbe2813aebc7122
district_53441d9bdc13bc8bcce6,Châu Phú,city_95ec7d95280b9a9ff888
district_5360d6908b79e0b53148,Châu Thành,city_841ba57df40f5352d826
district_705cadc853e77bdeabca,Châu Thành,city_c08197c1c383e0dfb910
district_d69ba713a89972c82765,Châu Thành,city_95ec7d95280b9a9ff888
district_4010beb03f4ed20addb7,Châu Thành A,city_8a0ae0d12ba97d4a924a
district_a6a7a3a04a96074d3d01,Châu Đốc,city_95ec7d95280b9a9ff888
district_200aae87bb98a2dcffc7,Châu Đức,city_2c120bb6a1300293f7a0
district_094e9c80c1a5b6777669,Chí Linh,city_802a466d2050b801e8cf
district_57b26c77db787a5ab6af,Chơn Thành,city_c0cabf473442f4bdab24
district_1f8ae83969d91b33ca39,Chư Păh,city_f5d3ac1a0190ebbc5c2d
district_55791a178b5dbb04060d,Chư Pưh,city_f5d3ac1a0190ebbc5c2d
district_5c6813b6377b1e6d8bed,Chương Mỹ,city_77aebfe2d87c66d0c62e
district_9bc0b9dc4299eb4ea71d,Cà Mau,city_5be786d46c0b32be9101
district_05efdf8c04dc0c9ddb1b,Cái Răng,city_4ffa3dff68be4713d65a
district_2e35c852f774cd14a535,Cần Giuộc,city_9a71cb89fbe7fe5df4fd
district_05612d260583a7843de8,Cần Giờ,city_9006ea7a29a6f8a06394
district_1af86492ba9ad1fae7d2,Cần Đước,city_9a71cb89fbe7fe5df4fd
district_8a3f45c6046d24fae5f1,Cầu Giấy,city_77aebfe2d87c66d0c62e
district_6dc2715801a6e6299072,Cẩm Khê,city_d66a434f276acf030bd5
district_30998788a49d5c1f6f3f,Cẩm Lệ,city_93ee49dd7027d8176452
district_6c9ea909dc3e4a229bae,Cẩm Mỹ,city_5489d284f24ba3e29686
district_c14155ef22ca3d455d91,Cẩm Phả,city_3ed973dbce59b61477bd
district_59b19cd5dc5f6196f0f5,Cẩm Thủy,city_f0c23044d6c7d641090c
district_a70a30fd81f8b4b2f1da,Củ Chi,city_9006ea7a29a6f8a06394
district_af7ec7d1083cea0d9830,Di Linh,city_2efb3e175e78e17ee3cb
district_d0a14b0590757e74045f,Diên Khánh,city_b1f03cd2d4f3ad19c22c
district_06c7677c3ce417e1d7da,Duy Tiên,city_2d33882a0dec57ce6834
district_9669273d30d5eae51f0d,Duy Xuyên,city_df2dd25b4c499f6bba99
district_605062e60d49241ddf91,Dĩ An,city_f586e0340673c691b9ca
district_2ee13b101fb5d4ad924b,Dương Kinh,city_48a73a8319e933a3c9ff
district_acd04c2f51f14d263414,Dương Minh Châu,city_02d0504774f8dfed7fbb
district_20a66ac304e4eea01db0,Dầu Tiếng,city_f586e0340673c691b9ca
district_91b260f7d725b59cc6b8,Gia Lâm,city_77aebfe2d87c66d0c62e
district_4b8ca731fa4f1137ea12,Gò Công Đông,city_c08197c1c383e0dfb910
district_c886ae4d286fd8437762,Gò Dầu,city_02d0504774f8dfed7fbb
district_664c5ba0114918a8b07e,Gò Vấp,city_9006ea7a29a6f8a06394
district_ea82b9ee0fd065bee34c,Hai Bà Trưng,city_77aebfe2d87c66d0c62e
district_637e74e16a6805caa3b9,Hoài Đức,city_77aebfe2d87c66d0c62e
district_1b84a2b2f689e1d2bd5a,Hoàn Kiếm,city_77aebfe2d87c66d0c62e
district_2d82b9f65ad68c4e7856,Hoàng Mai,city_77aebfe2d87c66d0c62e
district_b9d6c0c67748ede05d9e,Hoằng Hóa,city_f0c23044d6c7d641090c
district_e6a7c5521a71388a3e2b,Huế,city_be0d5bf7e30d7c8b352d
district_6b607080211bea65237d,Hà Đông,city_77aebfe2d87c66d0c62e
district_3605e88abf89c16b16f3,Hàm Thuận Bắc,city_02a71b070e791c346ae0
district_ebd620a5295f3aea0e45,Hàm Thuận Nam,city_02a71b070e791c346ae0
district_eeb649a190dd22b64d20,Hàm Tân,city_02a71b070e791c346ae0
district_430c06d7dde8d58a6c2a,Hòa Vang,city_93ee49dd7027d8176452
district_93f72a4536f49ec998bd,Hóc Môn,city_9006ea7a29a6f8a06394
district_34b97ac765015ccedf26,Hưng Hà,city_a0909cac05777233a6ce
district_a713fe3d4dd1d585408b,Hương Sơn,city_370488e71f7c2a811b4f
district_3fbbe3303479a3201506,Hương Thủy,city_be0d5bf7e30d7c8b352d
district_43b4cc04f34e98e392a5,Hạ Long,city_3ed973dbce59b61477bd
district_33c6c4cfa8fe2dee5339,Hải An,city_48a73a8319e933a3c9ff
district_3d646144c6dc96110432,Hải Châu,city_93ee49dd7027d8176452
district_3620341399bdaeb7544e,Hải Dương,city_802a466d2050b801e8cf
district_6a216ec8d9ac38f2727d,Hồng Bàng,city_48a73a8319e933a3c9ff
district_d1f1b5091286419efbeb,Hội An,city_df2dd25b4c499f6bba99
district_81d19b13d34f6bcae335,Hớn Quản,city_c0cabf473442f4bdab24
district_bd6f7d1688f3e4869226,Khánh Vĩnh,city_b1f03cd2d4f3ad19c22c
district_0aee106e65464eac5537,Kim Bảng,city_2d33882a0dec57ce6834
district_4b3cd4b1c0479b374338,Kiến An,city_48a73a8319e933a3c9ff
district_3ed0642a3f9a310d95ab,Kiến Thụy,city_48a73a8319e933a3c9ff
district_9114ceec69ed78e3bb53,Kiến Xương,city_a0909cac05777233a6ce
district_55405fe52317a48e1d29,Krông Buk,city_3987b6e478bdbd6b484b
district_d97e4a8366ce73388fcc,Krông Pắc,city_3987b6e478bdbd6b484b
district_87a5eee7df4809d2a342,La Gi,city_02a71b070e791c346ae0
district_029f3a8940bb5bd3963e,Lai Châu,city_6ea406570e40c2520c8b
district_b82bee7ebabc1f62339f,Liên Chiểu,city_93ee49dd7027d8176452
district_d40154c2d2e0ac4a60ae,Long Biên,city_77aebfe2d87c66d0c62e
district_56e98a1e76822e6d40a1,Long Khánh,city_5489d284f24ba3e29686
district_c3c98ca4036fc4a566aa,Long Thành,city_5489d284f24ba3e29686
district_2e136f090909c78c94c8,Long Xuyên,city_95ec7d95280b9a9ff888
district_71e69fc4b179a13d7381,Long Điền,city_2c120bb6a1300293f7a0
district_1f40db65f8ce55590138,Lào Cai,city_a70f5b43010bf30f8010
district_c9dbcf5bc5dfe48f7b08,Lâm Hà,city_2efb3e175e78e17ee3cb
district_696515e1e8aaa9b952fe,Lê Chân,city_48a73a8319e933a3c9ff
district_5a0dc180e0d995b84cd6,Lương Tài,city_a1c0d70198b479b790ca
district_8a2e539db9d4e5de2547,Lạc Thủy,city_6a001bbe2813aebc7122
district_fc813419ff020816917a,Lấp Vò,city_0bfc24e94512e15df4f8
district_520ab98a9edb8fd11ec3,Lập Thạch,city_ac50a3fcd0f55c19e8aa
district_94d960b3ce6be4c41228,Lệ Thủy,city_b4ab96ef3d7cd4fb4163
district_24b829dd7715e4a3e1f5,Lộc Ninh,city_c0cabf473442f4bdab24
district_76fc88810cb1537ce5d2,Mai Sơn,city_26d08f8317856c7bcc2c
district_a0106f129edba19c9e3f,Mê Linh,city_77aebfe2d87c66d0c62e
district_71467caa52a565b95e86,Móng Cái,city_3ed973dbce59b61477bd
district_9e2652bbd49620ae1a0a,Mường La,city_26d08f8317856c7bcc2c
district_eb1b8696b5cef27b1f7a,Mộc Châu,city_26d08f8317856c7bcc2c
district_5eca92f78f53756be1b6,Mỹ Hào,city_47c6f15da808163b3a07
district_341a5b31282264fa6eab,Mỹ Tho,city_c08197c1c383e0dfb910
district_8c507e7513932a231804,Mỹ Đức,city_77aebfe2d87c66d0c62e
district_80b1cf332235e22f39a3,Nam Từ Liêm,city_77aebfe2d87c66d0c62e
district_aa5c2dac7cc8519fb284,Nam Định,city_19bbdb5b057162de63f7
district_cb0b11556a8786acb61c,Nghi Sơn,city_f0c23044d6c7d641090c
district_fa45a0b6ae06fd4dc591,Ngã Bảy,city_8a0ae0d12ba97d4a924a
district_d1b5bea3ce3bc59a3f5f,Ngô Quyền,city_48a73a8319e933a3c9ff
district_2ec6951f419eae30bb91,Ngũ Hành Sơn,city_93ee49dd7027d8176452
district_61cd569cccb0fda3b57f,Nha Trang,city_b1f03cd2d4f3ad19c22c
district_0aad6b7c7c6d98bed1ea,Nhà Bè,city_9006ea7a29a6f8a06394
district_8dcb64cdca30e0b20b8e,Nhơn Trạch,city_5489d284f24ba3e29686
district_dd8cb56321ad0f9bbdde,Ninh Bình,city_cbeb7a3470031eaa0a4f
district_0b0f6fa6bf4119976ee5,Ninh Hòa,city_b1f03cd2d4f3ad19c22c
district_efd7cb966128ff98c489,Ninh Hải,city_ee7662b2a426cb0de30c
district_13696ae43fe00352e333,Ninh Kiều,city_4ffa3dff68be4713d65a
district_71f925c9e41a8b16e3a1,Ninh Sơn,city_ee7662b2a426cb0de30c
district_f3d0b05b6526165745f9,Phan Rang - Tháp Chàm,city_ee7662b2a426cb0de30c
district_e35b291fb5d2cacf9722,Phan Thiết,city_02a71b070e791c346ae0
district_23d004c4c84c8ec01a64,Phong Điền,city_4ffa3dff68be4713d65a
district_6b9120089d40cec00dd2,Phú Bình,city_d5b0cb3a18be6a37f8c4
district_3d9492395c2dd70b7a7d,Phú Giáo,city_f586e0340673c691b9ca
district_779745dd53d02ef3d0b4,Phú Mỹ,city_2c120bb6a1300293f7a0
district_aa65e2cff07500dc8ac9,Phú Nhuận,city_9006ea7a29a6f8a06394
district_c28bf3f16ece54ba8e19,Phú Quốc,city_cd7dbe5fe10777941856
district_960254677f1e4fa2ad9d,Phú Riềng,city_c0cabf473442f4bdab24
district_b42e3bcfa3f4db54b066,Phú Thọ,city_d66a434f276acf030bd5
district_0bbf8e7ae5d21945d991,Phú Vang,city_be0d5bf7e30d7c8b352d
district_8055becdaf61e2b8d262,Phú Xuyên,city_77aebfe2d87c66d0c62e
district_125c2699f540db617419,Phúc Thọ,city_77aebfe2d87c66d0c62e
district_2df203daa06b4d7b8225,Phúc Yên,city_ac50a3fcd0f55c19e8aa
district_32d77dfe58ea6eba7379,Phước Long,city_c0cabf473442f4bdab24
district_b07555f67bd3471a98d8,Phổ Yên,city_d5b0cb3a18be6a37f8c4
district_acea6ae560a6c7d2d31d,Phụng Hiệp,city_8a0ae0d12ba97d4a924a
district_324cf8e1d686d3fe1e61,Phủ Lý,city_2d33882a0dec57ce6834
district_1e5a5aef474141da5cac,Plei Ku,city_f5d3ac1a0190ebbc5c2d
district_7e46f057db7c25a53e46,Quy Nhơn,city_8180e71ef095bab9e20a
district_7280888a10b645d6cdf8,Quảng Ngãi,city_2c2a20e3c97c4a4c136d
district_32013e412657b62503ef,Quận 1,city_9006ea7a29a6f8a06394
district_5a42fe8d83120ada9216,Quận 10,city_9006ea7a29a6f8a06394
district_e188c362e8f8616e3f62,Quận 11,city_9006ea7a29a6f8a06394
district_1b0db631b5d8a0d6a03d,Quận 12,city_9006ea7a29a6f8a06394
district_6d829073c8d52e363364,Quận 2,city_9006ea7a29a6f8a06394
district_e7bc7593e928a7fe4336,Quận 3,city_9006ea7a29a6f8a06394
district_3eb498e6d2d08645994a,Quận 4,city_9006ea7a29a6f8a06394
district_3c9e29d4464cd11b615b,Quận 5,city_9006ea7a29a6f8a06394
district_dfaa60de823e6a191ca1,Quận 6,city_9006ea7a29a6f8a06394
district_3e3183fcb05979132abf,Quận 7,city_9006ea7a29a6f8a06394
district_582952bf27794e62598d,Quận 8,city_9006ea7a29a6f8a06394
district_00c67190bcbd94a0c2ea,Quận 9,city_9006ea7a29a6f8a06394
district_b4fde193b1a7c3ec9835,Quốc Oai,city_77aebfe2d87c66d0c62e
district_394badaf71da8e05dd9e,Quỳnh Phụ,city_a0909cac05777233a6ce
district_48e973a2f2d8e58012dc,Rạch Giá,city_cd7dbe5fe10777941856
district_d7b92904034cce0fbd01,Sa Pa,city_a70f5b43010bf30f8010
district_7c664343caed5beab703,Sóc Sơn,city_77aebfe2d87c66d0c62e
district_038036b0c544c0b0e169,Sóc Trăng,city_cc4cd0d69e5ad659ce3f
district_737ec7a5ddc0d833f993,Sông Công,city_d5b0cb3a18be6a37f8c4
district_d7d06e23747598cc3db5,Sơn Dương,city_6a8db616769417e13f5a
district_4532efbb8f951ab9d0c3,Sơn La,city_26d08f8317856c7bcc2c
district_135d306f3fc655632b25,Sơn Trà,city_93ee49dd7027d8176452
district_798b0d3a5d7ead028811,Sơn Trà,city_95ec7d95280b9a9ff888
district_182350e254d5e420671e,Sơn Tây,city_77aebfe2d87c66d0c62e
district_10bcebe524db7cf44452,Sơn Tịnh,city_2c2a20e3c97c4a4c136d
district_526201792132a7779bb1,Tam Dương,city_ac50a3fcd0f55c19e8aa
district_793aedb86a2c23aaea15,Tam Điệp,city_cbeb7a3470031eaa0a4f
district_02493fb75a020158367b,Tam Đảo,city_ac50a3fcd0f55c19e8aa
district_b1ee32090ef00ef89a35,Thanh Ba,city_d66a434f276acf030bd5
district_5d9701a0dcc2a664c851,Thanh Hóa,city_f0c23044d6c7d641090c
district_5189873a138da3097caf,Thanh Khê,city_95ec7d95280b9a9ff888
district_12307bd96d6608a6d9f6,Thanh Khê,city_93ee49dd7027d8176452
district_b89717222da4a82ea032,Thanh Liêm,city_2d33882a0dec57ce6834
district_a13c5b49c782b624bab6,Thanh Oai,city_77aebfe2d87c66d0c62e
district_27d156f825527e188938,Thanh Trì,city_77aebfe2d87c66d0c62e
district_ed64a30171ec08d8d204,Thanh Xuân,city_77aebfe2d87c66d0c62e
district_fce1e344cacf5f41a8c6,Thuận An,city_f586e0340673c691b9ca
district_7826d4523ead84edfde6,Thuận Thành,city_a1c0d70198b479b790ca
district_ca731307aba20af0e5b9,Thái Bình,city_a0909cac05777233a6ce
district_95bbedc50f6429155b6a,Thái Nguyên,city_d5b0cb3a18be6a37f8c4
district_819df54fa96c94805d7b,Thái Thuỵ,city_a0909cac05777233a6ce
district_be5ec477d726d3372dd0,Thường Tín,city_77aebfe2d87c66d0c62e
district_de4a382eb810b03af9c1,Thạch Thất,city_77aebfe2d87c66d0c62e
district_870005b2fc5eb5097259,Thạnh Hóa,city_f0c23044d6c7d641090c
district_21b664d9a5da0f7a5a8a,Thạnh Phú,city_841ba57df40f5352d826
district_323c0505147431ccbdc4,Thống Nhất,city_5489d284f24ba3e29686
district_64ce17661fbdf6bd24b9,Thốt Nốt,city_4ffa3dff68be4713d65a
district_9037cbdd9ee1a768de10,Thới Lai,city_4ffa3dff68be4713d65a
district_09eadbfd59b40ce1c406,Thủ Dầu Một,city_f586e0340673c691b9ca
district_8306ed5e27e7a4c06f11,Thủ Thừa,city_9a71cb89fbe7fe5df4fd
district_1f170893e57debd41535,Thủ Đức,city_9006ea7a29a6f8a06394
district_30daae447138619bfbe6,Thủy Nguyên,city_48a73a8319e933a3c9ff
district_0d9a59b309c876ebc1bb,Tiên Lãng,city_48a73a8319e933a3c9ff
district_a8eb243f1f64db8fbdc6,Tiền Hải,city_a0909cac05777233a6ce
district_a986a1264adebe2f2f8e,Tiểu Cần,city_527707d89edee3820603
district_66d5fc83b4fa0cc4c144,Trà Vinh,city_527707d89edee3820603
district_f5fb329ea812b3630fbe,Trảng Bom,city_5489d284f24ba3e29686
district_1fd80f39e123d6fa5717,Trảng Bàng,city_02d0504774f8dfed7fbb
district_9b0829058f4dae263950,Trấn Yên,city_241196c140dd133343c8
district_0ad9305db55624a92cbd,Tuy Hòa,city_ecbbbdeb430e4009213b
district_99b4c5d494b0d0ca6348,Tuy Phong,city_02a71b070e791c346ae0
district_f3a8fa4b44ed0f8f6f57,Tuyên Quang,city_6a8db616769417e13f5a
district_4eb66b59171d1f985a31,Tân An,city_9a71cb89fbe7fe5df4fd
district_4b864db517bd5b9fce04,Tân Bình,city_9006ea7a29a6f8a06394
district_4928a32f976cfd30687f,Tân Châu,city_95ec7d95280b9a9ff888
district_f8e9cbd10065afc66111,Tân Phú,city_9006ea7a29a6f8a06394
district_283c40addcee49ade9fb,Tân Phú,city_5489d284f24ba3e29686
district_c711c727abc1bcacdf86,Tân Trụ,city_9a71cb89fbe7fe5df4fd
district_d9d2a6361617b2784838,Tân Uyên,city_f586e0340673c691b9ca
district_b5ab74eb5f3f852d1f9b,Tây Hồ,city_77aebfe2d87c66d0c62e
district_dbd4c8635158bb82c4af,Tây Ninh,city_02d0504774f8dfed7fbb
district_b4513189ed2f6d231051,Tư Nghĩa,city_2c2a20e3c97c4a4c136d
district_7c9b8df6be03932bbc5b,Tứ Kỳ,city_802a466d2050b801e8cf
district_12e247279fdd31b484b9,Từ Sơn,city_a1c0d70198b479b790ca
district_04e97d236de9a67cf3de,Uông Bí,city_3ed973dbce59b61477bd
district_0d32bdf677c0ab299520,Vinh,city_c107b253189d09a0224d
district_69347867f6fdf6a33e66,Việt Trì,city_d66a434f276acf030bd5
district_e2bdb89d83148f8f36ca,Việt Yên,city_f8c5548c0395fe53b1a3
district_d6c6af6609806cd0c7e0,Vân Đồn,city_3ed973dbce59b61477bd
district_eee14a2eda17d3eca93b,Văn Giang,city_47c6f15da808163b3a07
district_921a9f2d125bccf3192c,Văn Lâm,city_47c6f15da808163b3a07
district_a8ef1b4594e7125743d2,Vĩnh Cửu,city_5489d284f24ba3e29686
district_e25c9910e98fee887053,Vĩnh Long,city_8b63f072488e17e6b076
district_6e9c56372285860d68be,Vĩnh Thuận,city_cd7dbe5fe10777941856
district_71206dc307eeef2a5dfd,Vĩnh Thạnh,city_4ffa3dff68be4713d65a
district_80f62d5429013b8efecf,Vĩnh Yên,city_ac50a3fcd0f55c19e8aa
district_16845325b3612c5bacf9,Vũ Thư,city_a0909cac05777233a6ce
district_5907fa9ba5eb6eccbc61,Vũng Tàu,city_2c120bb6a1300293f7a0
district_c8bd7c6fceaf27653903,Vạn Ninh,city_b1f03cd2d4f3ad19c22c
district_b7a2578f27db610f45cf,Vị Thanh,city_8a0ae0d12ba97d4a924a
district_9649e94a350decb52241,Vị Thủy,city_8a0ae0d12ba97d4a924a
district_63ed4f624713ed4f9895,Xuyên Mộc,city_2c120bb6a1300293f7a0
district_38eec2d73a4bc7e52fcb,Xuân Lộc,city_5489d284f24ba3e29686
district_9b7dd8c3e36208c88205,Yên Bái,city_241196c140dd133343c8
district_90ad8982cd9d7170cfe5,Yên Lạc,city_ac50a3fcd0f55c19e8aa
district_bc4d831570eb9348cac0,Yên Mỹ,city_47c6f15da808163b3a07
district_648401ab97bd3afabc95,Yên Phong,city_a1c0d70198b479b790ca
district_f3e5082215c0e1fbd923,Yên Thủy,city_6a001bbe2813aebc7122
district_f3e4d4fec925ab364eee,Đan Phượng,city_77aebfe2d87c66d0c62e
district_e194261d5431f9b4dbca,Điện Biên Phủ,city_8a6161e5bf0eb867bd71
district_25727970a14d747442a6,Điện Bàn,city_df2dd25b4c499f6bba99
district_ca25fe56600598ef1138,Đà Lạt,city_2efb3e175e78e17ee3cb
district_6c7f464160def407abf3,Đô Lương,city_c107b253189d09a0224d
district_0d28ec5f980f3b7d060a,Đông Anh,city_77aebfe2d87c66d0c62e
district_2f94acb26524a0dd1b69,Đông Hà,city_3b0b65dbe79484280fee
district_d23ab1abb7827daf1923,Đông Hưng,city_a0909cac05777233a6ce
district_898e8f9be5058186fd60,Đông Triều,city_3ed973dbce59b61477bd
district_4f0db66cafcfabc7b469,Đạ Huoai,city_2efb3e175e78e17ee3cb
district_196c88ea8a3e7748f918,Đất Đỏ,city_2c120bb6a1300293f7a0
district_ed8b6aacecb1b31cf956,Định Quán,city_5489d284f24ba3e29686
district_5aa1ea68542c66f58497,Đống Đa,city_77aebfe2d87c66d0c62e
district_5d57ea80374434115ee2,Đồ Sơn,city_48a73a8319e933a3c9ff
district_22094983b2fa24cae0cf,Đồng Hới,city_b4ab96ef3d7cd4fb4163
district_bc642423fcd959b8d2fc,Đồng Phú,city_c0cabf473442f4bdab24
district_d0d563cbc82ddadd9dda,Đồng Xoài,city_c0cabf473442f4bdab24
district_4fb9f8e75ee162672742,Đức Hòa,city_9a71cb89fbe7fe5df4fd
district_47670a02e1282b02f32f,Đức Trọng,city_2efb3e175e78e17ee3cb
district_423579f305353cc29fe8,Ứng Hòa,city_77aebfe2d87c66d0c62e
